"TIME","GEO","AIRPOL","NACE_R2","UNIT","Value","Flag and Footnotes"
"2008","European Union (28 countries)","Nitrogen oxides","Total - all NACE activities","Tonne","11,778,521.94","s"
"2008","European Union (28 countries)","Methane","Total - all NACE activities","Tonne","19,446,401.5","s"
"2008","European Union (28 countries)","Nitrous oxide","Total - all NACE activities","Tonne","851,900.19","s"
"2008","European Union (28 countries)","Carbon dioxide","Total - all NACE activities","Tonne","3,497,437,721","s"
"2008","Belgium","Nitrogen oxides","Total - all NACE activities","Tonne","209,706.28",""
"2008","Belgium","Methane","Total - all NACE activities","Tonne","339,061.07",""
"2008","Belgium","Nitrous oxide","Total - all NACE activities","Tonne","23,458.22",""
"2008","Belgium","Carbon dioxide","Total - all NACE activities","Tonne","91,434,470",""
"2008","Bulgaria","Nitrogen oxides","Total - all NACE activities","Tonne","154,553.09",""
"2008","Bulgaria","Methane","Total - all NACE activities","Tonne","110,784.12",""
"2008","Bulgaria","Nitrous oxide","Total - all NACE activities","Tonne","9,474.48",""
"2008","Bulgaria","Carbon dioxide","Total - all NACE activities","Tonne","51,432,463",""
"2008","Czech Republic","Nitrogen oxides","Total - all NACE activities","Tonne","227,477.47",""
"2008","Czech Republic","Methane","Total - all NACE activities","Tonne","502,294",""
"2008","Czech Republic","Nitrous oxide","Total - all NACE activities","Tonne","16,941.31",""
"2008","Czech Republic","Carbon dioxide","Total - all NACE activities","Tonne","103,599,998",""
"2008","Denmark","Nitrogen oxides","Total - all NACE activities","Tonne","1,262,636.97",""
"2008","Denmark","Methane","Total - all NACE activities","Tonne","307,183.11",""
"2008","Denmark","Nitrous oxide","Total - all NACE activities","Tonne","18,996.01",""
"2008","Denmark","Carbon dioxide","Total - all NACE activities","Tonne","85,961,898",""
"2008","Germany (until 1990 former territory of the FRG)","Nitrogen oxides","Total - all NACE activities","Tonne","1,732,130.66",""
"2008","Germany (until 1990 former territory of the FRG)","Methane","Total - all NACE activities","Tonne","2,349,664.17",""
"2008","Germany (until 1990 former territory of the FRG)","Nitrous oxide","Total - all NACE activities","Tonne","150,250.96",""
"2008","Germany (until 1990 former territory of the FRG)","Carbon dioxide","Total - all NACE activities","Tonne","725,712,143",""
"2008","Estonia","Nitrogen oxides","Total - all NACE activities","Tonne","50,333.39",""
"2008","Estonia","Methane","Total - all NACE activities","Tonne","43,411.26",""
"2008","Estonia","Nitrous oxide","Total - all NACE activities","Tonne","2,426.87",""
"2008","Estonia","Carbon dioxide","Total - all NACE activities","Tonne","17,177,876",""
"2008","Ireland","Nitrogen oxides","Total - all NACE activities","Tonne","96,410.17",""
"2008","Ireland","Methane","Total - all NACE activities","Tonne","519,726.84",""
"2008","Ireland","Nitrous oxide","Total - all NACE activities","Tonne","23,006.82",""
"2008","Ireland","Carbon dioxide","Total - all NACE activities","Tonne","32,546,793",""
"2008","Greece","Nitrogen oxides","Total - all NACE activities","Tonne","366,789.31",""
"2008","Greece","Methane","Total - all NACE activities","Tonne","459,136.63",""
"2008","Greece","Nitrous oxide","Total - all NACE activities","Tonne","18,269.77",""
"2008","Greece","Carbon dioxide","Total - all NACE activities","Tonne","85,168,148",""
"2008","Spain","Nitrogen oxides","Total - all NACE activities","Tonne","1,063,316.96",""
"2008","Spain","Methane","Total - all NACE activities","Tonne","1,525,662.83",""
"2008","Spain","Nitrous oxide","Total - all NACE activities","Tonne","45,129.48",""
"2008","Spain","Carbon dioxide","Total - all NACE activities","Tonne","272,658,373",""
"2008","France","Nitrogen oxides","Total - all NACE activities","Tonne","1,029,507.8",""
"2008","France","Methane","Total - all NACE activities","Tonne","2,387,792.25",""
"2008","France","Nitrous oxide","Total - all NACE activities","Tonne","152,855.43",""
"2008","France","Carbon dioxide","Total - all NACE activities","Tonne","283,907,850",""
"2008","Croatia","Nitrogen oxides","Total - all NACE activities","Tonne","66,507.66",""
"2008","Croatia","Methane","Total - all NACE activities","Tonne","111,959.6",""
"2008","Croatia","Nitrous oxide","Total - all NACE activities","Tonne","7,907.3",""
"2008","Croatia","Carbon dioxide","Total - all NACE activities","Tonne","18,639,849",""
"2008","Italy","Nitrogen oxides","Total - all NACE activities","Tonne","1,109,555.28",""
"2008","Italy","Methane","Total - all NACE activities","Tonne","1,844,778.37",""
"2008","Italy","Nitrous oxide","Total - all NACE activities","Tonne","66,104.42",""
"2008","Italy","Carbon dioxide","Total - all NACE activities","Tonne","370,718,630",""
"2008","Cyprus","Nitrogen oxides","Total - all NACE activities","Tonne","20,423.65",""
"2008","Cyprus","Methane","Total - all NACE activities","Tonne","35,937.15",""
"2008","Cyprus","Nitrous oxide","Total - all NACE activities","Tonne","934.04",""
"2008","Cyprus","Carbon dioxide","Total - all NACE activities","Tonne","7,546,924",""
"2008","Latvia","Nitrogen oxides","Total - all NACE activities","Tonne","49,828.75",""
"2008","Latvia","Methane","Total - all NACE activities","Tonne","72,784.78",""
"2008","Latvia","Nitrous oxide","Total - all NACE activities","Tonne","5,462.6",""
"2008","Latvia","Carbon dioxide","Total - all NACE activities","Tonne","8,463,692",""
"2008","Lithuania","Nitrogen oxides","Total - all NACE activities","Tonne","59,091.24",""
"2008","Lithuania","Methane","Total - all NACE activities","Tonne","144,623.13",""
"2008","Lithuania","Nitrous oxide","Total - all NACE activities","Tonne","15,937.76",""
"2008","Lithuania","Carbon dioxide","Total - all NACE activities","Tonne","14,964,565",""
"2008","Luxembourg","Nitrogen oxides","Total - all NACE activities","Tonne","13,913.33",""
"2008","Luxembourg","Methane","Total - all NACE activities","Tonne","23,106.56",""
"2008","Luxembourg","Nitrous oxide","Total - all NACE activities","Tonne","867.66",""
"2008","Luxembourg","Carbon dioxide","Total - all NACE activities","Tonne","7,376,362",""
"2008","Hungary","Nitrogen oxides","Total - all NACE activities","Tonne","136,302.2",""
"2008","Hungary","Methane","Total - all NACE activities","Tonne","321,324.74",""
"2008","Hungary","Nitrous oxide","Total - all NACE activities","Tonne","13,907.65",""
"2008","Hungary","Carbon dioxide","Total - all NACE activities","Tonne","43,504,850",""
"2008","Malta","Nitrogen oxides","Total - all NACE activities","Tonne","3,292.63","s"
"2008","Malta","Methane","Total - all NACE activities","Tonne","7,200.01","s"
"2008","Malta","Nitrous oxide","Total - all NACE activities","Tonne","250.3","s"
"2008","Malta","Carbon dioxide","Total - all NACE activities","Tonne","4,737,989","s"
"2008","Netherlands","Nitrogen oxides","Total - all NACE activities","Tonne","572,993.07",""
"2008","Netherlands","Methane","Total - all NACE activities","Tonne","784,740.39",""
"2008","Netherlands","Nitrous oxide","Total - all NACE activities","Tonne","28,427",""
"2008","Netherlands","Carbon dioxide","Total - all NACE activities","Tonne","170,933,714",""
"2008","Austria","Nitrogen oxides","Total - all NACE activities","Tonne","133,047.4",""
"2008","Austria","Methane","Total - all NACE activities","Tonne","287,021.48",""
"2008","Austria","Nitrous oxide","Total - all NACE activities","Tonne","11,647.37",""
"2008","Austria","Carbon dioxide","Total - all NACE activities","Tonne","56,439,687",""
"2008","Poland","Nitrogen oxides","Total - all NACE activities","Tonne","774,818.17",""
"2008","Poland","Methane","Total - all NACE activities","Tonne","1,664,389.02",""
"2008","Poland","Nitrous oxide","Total - all NACE activities","Tonne","76,321.81",""
"2008","Poland","Carbon dioxide","Total - all NACE activities","Tonne","292,261,378",""
"2008","Portugal","Nitrogen oxides","Total - all NACE activities","Tonne","209,239.1",""
"2008","Portugal","Methane","Total - all NACE activities","Tonne","549,688",""
"2008","Portugal","Nitrous oxide","Total - all NACE activities","Tonne","12,502.4",""
"2008","Portugal","Carbon dioxide","Total - all NACE activities","Tonne","52,939,600",""
"2008","Romania","Nitrogen oxides","Total - all NACE activities","Tonne","275,528.38",""
"2008","Romania","Methane","Total - all NACE activities","Tonne","1,270,944.5",""
"2008","Romania","Nitrous oxide","Total - all NACE activities","Tonne","23,967.74",""
"2008","Romania","Carbon dioxide","Total - all NACE activities","Tonne","89,028,423",""
"2008","Slovenia","Nitrogen oxides","Total - all NACE activities","Tonne","59,823.67",""
"2008","Slovenia","Methane","Total - all NACE activities","Tonne","84,618.09",""
"2008","Slovenia","Nitrous oxide","Total - all NACE activities","Tonne","2,446.24",""
"2008","Slovenia","Carbon dioxide","Total - all NACE activities","Tonne","15,361,901",""
"2008","Slovakia","Nitrogen oxides","Total - all NACE activities","Tonne","82,775.08",""
"2008","Slovakia","Methane","Total - all NACE activities","Tonne","189,668.67",""
"2008","Slovakia","Nitrous oxide","Total - all NACE activities","Tonne","10,952.03",""
"2008","Slovakia","Carbon dioxide","Total - all NACE activities","Tonne","36,430,419",""
"2008","Finland","Nitrogen oxides","Total - all NACE activities","Tonne","204,584.19",""
"2008","Finland","Methane","Total - all NACE activities","Tonne","211,066.03",""
"2008","Finland","Nitrous oxide","Total - all NACE activities","Tonne","19,703.92",""
"2008","Finland","Carbon dioxide","Total - all NACE activities","Tonne","56,127,324",""
"2008","Sweden","Nitrogen oxides","Total - all NACE activities","Tonne","295,105.51",""
"2008","Sweden","Methane","Total - all NACE activities","Tonne","225,481.04",""
"2008","Sweden","Nitrous oxide","Total - all NACE activities","Tonne","16,916.61",""
"2008","Sweden","Carbon dioxide","Total - all NACE activities","Tonne","49,453,810",""
"2008","United Kingdom","Nitrogen oxides","Total - all NACE activities","Tonne","1,518,830.56",""
"2008","United Kingdom","Methane","Total - all NACE activities","Tonne","3,072,353.67",""
"2008","United Kingdom","Nitrous oxide","Total - all NACE activities","Tonne","76,834",""
"2008","United Kingdom","Carbon dioxide","Total - all NACE activities","Tonne","452,908,592",""
"2008","Norway","Nitrogen oxides","Total - all NACE activities","Tonne","386,051.42",""
"2008","Norway","Methane","Total - all NACE activities","Tonne","211,235.24",""
"2008","Norway","Nitrous oxide","Total - all NACE activities","Tonne","10,838.56",""
"2008","Norway","Carbon dioxide","Total - all NACE activities","Tonne","53,918,205",""
"2008","Switzerland","Nitrogen oxides","Total - all NACE activities","Tonne","73,845.72",""
"2008","Switzerland","Methane","Total - all NACE activities","Tonne","210,650.88",""
"2008","Switzerland","Nitrous oxide","Total - all NACE activities","Tonne","8,099.36",""
"2008","Switzerland","Carbon dioxide","Total - all NACE activities","Tonne","27,891,854",""
"2008","Serbia","Nitrogen oxides","Total - all NACE activities","Tonne","129,670.99",""
"2008","Serbia","Methane","Total - all NACE activities","Tonne",":",""
"2008","Serbia","Nitrous oxide","Total - all NACE activities","Tonne",":",""
"2008","Serbia","Carbon dioxide","Total - all NACE activities","Tonne",":",""
"2008","Turkey","Nitrogen oxides","Total - all NACE activities","Tonne","686,103.02",""
"2008","Turkey","Methane","Total - all NACE activities","Tonne","1,831,831.13",""
"2008","Turkey","Nitrous oxide","Total - all NACE activities","Tonne","55,461.57",""
"2008","Turkey","Carbon dioxide","Total - all NACE activities","Tonne","251,792,069",""
"2009","European Union (28 countries)","Nitrogen oxides","Total - all NACE activities","Tonne","10,559,836.76","s"
"2009","European Union (28 countries)","Methane","Total - all NACE activities","Tonne","18,838,412.32","s"
"2009","European Union (28 countries)","Nitrous oxide","Total - all NACE activities","Tonne","802,126.48","s"
"2009","European Union (28 countries)","Carbon dioxide","Total - all NACE activities","Tonne","3,148,467,628","s"
"2009","Belgium","Nitrogen oxides","Total - all NACE activities","Tonne","187,401.89",""
"2009","Belgium","Methane","Total - all NACE activities","Tonne","336,083.76",""
"2009","Belgium","Nitrous oxide","Total - all NACE activities","Tonne","23,933.5",""
"2009","Belgium","Carbon dioxide","Total - all NACE activities","Tonne","79,518,405",""
"2009","Bulgaria","Nitrogen oxides","Total - all NACE activities","Tonne","139,139.02",""
"2009","Bulgaria","Methane","Total - all NACE activities","Tonne","101,003.58",""
"2009","Bulgaria","Nitrous oxide","Total - all NACE activities","Tonne","8,218.07",""
"2009","Bulgaria","Carbon dioxide","Total - all NACE activities","Tonne","43,436,790",""
"2009","Czech Republic","Nitrogen oxides","Total - all NACE activities","Tonne","206,980.88",""
"2009","Czech Republic","Methane","Total - all NACE activities","Tonne","489,260.35",""
"2009","Czech Republic","Nitrous oxide","Total - all NACE activities","Tonne","15,994.52",""
"2009","Czech Republic","Carbon dioxide","Total - all NACE activities","Tonne","96,545,964",""
"2009","Denmark","Nitrogen oxides","Total - all NACE activities","Tonne","1,132,557.89",""
"2009","Denmark","Methane","Total - all NACE activities","Tonne","301,631.85",""
"2009","Denmark","Nitrous oxide","Total - all NACE activities","Tonne","17,887",""
"2009","Denmark","Carbon dioxide","Total - all NACE activities","Tonne","79,491,849",""
"2009","Germany (until 1990 former territory of the FRG)","Nitrogen oxides","Total - all NACE activities","Tonne","1,563,714.22",""
"2009","Germany (until 1990 former territory of the FRG)","Methane","Total - all NACE activities","Tonne","2,261,422.42",""
"2009","Germany (until 1990 former territory of the FRG)","Nitrous oxide","Total - all NACE activities","Tonne","147,434.53",""
"2009","Germany (until 1990 former territory of the FRG)","Carbon dioxide","Total - all NACE activities","Tonne","659,039,386",""
"2009","Estonia","Nitrogen oxides","Total - all NACE activities","Tonne","42,683.35",""
"2009","Estonia","Methane","Total - all NACE activities","Tonne","41,358.29",""
"2009","Estonia","Nitrous oxide","Total - all NACE activities","Tonne","2,273.44",""
"2009","Estonia","Carbon dioxide","Total - all NACE activities","Tonne","13,862,741",""
"2009","Ireland","Nitrogen oxides","Total - all NACE activities","Tonne","73,149.3",""
"2009","Ireland","Methane","Total - all NACE activities","Tonne","505,835.56",""
"2009","Ireland","Nitrous oxide","Total - all NACE activities","Tonne","22,762.99",""
"2009","Ireland","Carbon dioxide","Total - all NACE activities","Tonne","27,705,670",""
"2009","Greece","Nitrogen oxides","Total - all NACE activities","Tonne","355,342.53",""
"2009","Greece","Methane","Total - all NACE activities","Tonne","453,180.63",""
"2009","Greece","Nitrous oxide","Total - all NACE activities","Tonne","17,370.01",""
"2009","Greece","Carbon dioxide","Total - all NACE activities","Tonne","78,440,878",""
"2009","Spain","Nitrogen oxides","Total - all NACE activities","Tonne","925,930.79",""
"2009","Spain","Methane","Total - all NACE activities","Tonne","1,561,003.51",""
"2009","Spain","Nitrous oxide","Total - all NACE activities","Tonne","44,208.9",""
"2009","Spain","Carbon dioxide","Total - all NACE activities","Tonne","234,835,374",""
"2009","France","Nitrogen oxides","Total - all NACE activities","Tonne","946,050.25",""
"2009","France","Methane","Total - all NACE activities","Tonne","2,345,881.86",""
"2009","France","Nitrous oxide","Total - all NACE activities","Tonne","148,374.47",""
"2009","France","Carbon dioxide","Total - all NACE activities","Tonne","264,502,124",""
"2009","Croatia","Nitrogen oxides","Total - all NACE activities","Tonne","57,527.28",""
"2009","Croatia","Methane","Total - all NACE activities","Tonne","113,896.1",""
"2009","Croatia","Nitrous oxide","Total - all NACE activities","Tonne","7,113.27",""
"2009","Croatia","Carbon dioxide","Total - all NACE activities","Tonne","16,287,925",""
"2009","Italy","Nitrogen oxides","Total - all NACE activities","Tonne","951,910.03",""
"2009","Italy","Methane","Total - all NACE activities","Tonne","1,824,914.99",""
"2009","Italy","Nitrous oxide","Total - all NACE activities","Tonne","62,549.31",""
"2009","Italy","Carbon dioxide","Total - all NACE activities","Tonne","315,946,296",""
"2009","Cyprus","Nitrogen oxides","Total - all NACE activities","Tonne","20,922.71",""
"2009","Cyprus","Methane","Total - all NACE activities","Tonne","35,750.41",""
"2009","Cyprus","Nitrous oxide","Total - all NACE activities","Tonne","921.19",""
"2009","Cyprus","Carbon dioxide","Total - all NACE activities","Tonne","7,261,589",""
"2009","Latvia","Nitrogen oxides","Total - all NACE activities","Tonne","42,993.18",""
"2009","Latvia","Methane","Total - all NACE activities","Tonne","71,423.44",""
"2009","Latvia","Nitrous oxide","Total - all NACE activities","Tonne","5,554.49",""
"2009","Latvia","Carbon dioxide","Total - all NACE activities","Tonne","7,113,755",""
"2009","Lithuania","Nitrogen oxides","Total - all NACE activities","Tonne","50,453.18",""
"2009","Lithuania","Methane","Total - all NACE activities","Tonne","140,067.08",""
"2009","Lithuania","Nitrous oxide","Total - all NACE activities","Tonne","8,945.25",""
"2009","Lithuania","Carbon dioxide","Total - all NACE activities","Tonne","12,295,622",""
"2009","Luxembourg","Nitrogen oxides","Total - all NACE activities","Tonne","12,887.5",""
"2009","Luxembourg","Methane","Total - all NACE activities","Tonne","23,099.96",""
"2009","Luxembourg","Nitrous oxide","Total - all NACE activities","Tonne","864.16",""
"2009","Luxembourg","Carbon dioxide","Total - all NACE activities","Tonne","7,400,349",""
"2009","Hungary","Nitrogen oxides","Total - all NACE activities","Tonne","126,486.68",""
"2009","Hungary","Methane","Total - all NACE activities","Tonne","313,781.15",""
"2009","Hungary","Nitrous oxide","Total - all NACE activities","Tonne","12,920.19",""
"2009","Hungary","Carbon dioxide","Total - all NACE activities","Tonne","38,263,387",""
"2009","Malta","Nitrogen oxides","Total - all NACE activities","Tonne","8,485.3","s"
"2009","Malta","Methane","Total - all NACE activities","Tonne","7,718.59","s"
"2009","Malta","Nitrous oxide","Total - all NACE activities","Tonne","246.7","s"
"2009","Malta","Carbon dioxide","Total - all NACE activities","Tonne","5,083,564","s"
"2009","Netherlands","Nitrogen oxides","Total - all NACE activities","Tonne","532,116.49",""
"2009","Netherlands","Methane","Total - all NACE activities","Tonne","774,713.16",""
"2009","Netherlands","Nitrous oxide","Total - all NACE activities","Tonne","27,699.1",""
"2009","Netherlands","Carbon dioxide","Total - all NACE activities","Tonne","166,134,705",""
"2009","Austria","Nitrogen oxides","Total - all NACE activities","Tonne","123,185.42",""
"2009","Austria","Methane","Total - all NACE activities","Tonne","283,496.65",""
"2009","Austria","Nitrous oxide","Total - all NACE activities","Tonne","10,905.49",""
"2009","Austria","Carbon dioxide","Total - all NACE activities","Tonne","50,979,647",""
"2009","Poland","Nitrogen oxides","Total - all NACE activities","Tonne","747,775.88",""
"2009","Poland","Methane","Total - all NACE activities","Tonne","1,600,057.85",""
"2009","Poland","Nitrous oxide","Total - all NACE activities","Tonne","65,720.23",""
"2009","Poland","Carbon dioxide","Total - all NACE activities","Tonne","276,079,261",""
"2009","Portugal","Nitrogen oxides","Total - all NACE activities","Tonne","195,554.5",""
"2009","Portugal","Methane","Total - all NACE activities","Tonne","535,668",""
"2009","Portugal","Nitrous oxide","Total - all NACE activities","Tonne","11,431",""
"2009","Portugal","Carbon dioxide","Total - all NACE activities","Tonne","49,378,100",""
"2009","Romania","Nitrogen oxides","Total - all NACE activities","Tonne","207,660.99",""
"2009","Romania","Methane","Total - all NACE activities","Tonne","1,209,233.65",""
"2009","Romania","Nitrous oxide","Total - all NACE activities","Tonne","21,747.84",""
"2009","Romania","Carbon dioxide","Total - all NACE activities","Tonne","71,876,298",""
"2009","Slovenia","Nitrogen oxides","Total - all NACE activities","Tonne","52,762.36",""
"2009","Slovenia","Methane","Total - all NACE activities","Tonne","81,660.63",""
"2009","Slovenia","Nitrous oxide","Total - all NACE activities","Tonne","2,483.48",""
"2009","Slovenia","Carbon dioxide","Total - all NACE activities","Tonne","13,805,569",""
"2009","Slovakia","Nitrogen oxides","Total - all NACE activities","Tonne","73,763.09",""
"2009","Slovakia","Methane","Total - all NACE activities","Tonne","179,744.55",""
"2009","Slovakia","Nitrous oxide","Total - all NACE activities","Tonne","10,011.37",""
"2009","Slovakia","Carbon dioxide","Total - all NACE activities","Tonne","32,804,136",""
"2009","Finland","Nitrogen oxides","Total - all NACE activities","Tonne","176,909.69",""
"2009","Finland","Methane","Total - all NACE activities","Tonne","208,505.81",""
"2009","Finland","Nitrous oxide","Total - all NACE activities","Tonne","16,855.07",""
"2009","Finland","Carbon dioxide","Total - all NACE activities","Tonne","52,350,317",""
"2009","Sweden","Nitrogen oxides","Total - all NACE activities","Tonne","290,801.65",""
"2009","Sweden","Methane","Total - all NACE activities","Tonne","219,893.82",""
"2009","Sweden","Nitrous oxide","Total - all NACE activities","Tonne","16,388.55",""
"2009","Sweden","Carbon dioxide","Total - all NACE activities","Tonne","45,849,578",""
"2009","United Kingdom","Nitrogen oxides","Total - all NACE activities","Tonne","1,314,690.72",""
"2009","United Kingdom","Methane","Total - all NACE activities","Tonne","2,818,124.68",""
"2009","United Kingdom","Nitrous oxide","Total - all NACE activities","Tonne","71,312.36",""
"2009","United Kingdom","Carbon dioxide","Total - all NACE activities","Tonne","402,178,348",""
"2009","Norway","Nitrogen oxides","Total - all NACE activities","Tonne","343,279.12",""
"2009","Norway","Methane","Total - all NACE activities","Tonne","208,039.69",""
"2009","Norway","Nitrous oxide","Total - all NACE activities","Tonne","8,910.03",""
"2009","Norway","Carbon dioxide","Total - all NACE activities","Tonne","51,048,363",""
"2009","Switzerland","Nitrogen oxides","Total - all NACE activities","Tonne","67,935.22",""
"2009","Switzerland","Methane","Total - all NACE activities","Tonne","207,530.41",""
"2009","Switzerland","Nitrous oxide","Total - all NACE activities","Tonne","7,976.7",""
"2009","Switzerland","Carbon dioxide","Total - all NACE activities","Tonne","26,690,428",""
"2009","Serbia","Nitrogen oxides","Total - all NACE activities","Tonne","123,846.78",""
"2009","Serbia","Methane","Total - all NACE activities","Tonne",":",""
"2009","Serbia","Nitrous oxide","Total - all NACE activities","Tonne",":",""
"2009","Serbia","Carbon dioxide","Total - all NACE activities","Tonne",":",""
"2009","Turkey","Nitrogen oxides","Total - all NACE activities","Tonne","670,191.59",""
"2009","Turkey","Methane","Total - all NACE activities","Tonne","1,808,271.64",""
"2009","Turkey","Nitrous oxide","Total - all NACE activities","Tonne","63,412.05",""
"2009","Turkey","Carbon dioxide","Total - all NACE activities","Tonne","233,582,427",""
"2010","European Union (28 countries)","Nitrogen oxides","Total - all NACE activities","Tonne","10,428,488.72","s"
"2010","European Union (28 countries)","Methane","Total - all NACE activities","Tonne","18,411,780.88","s"
"2010","European Union (28 countries)","Nitrous oxide","Total - all NACE activities","Tonne","766,149.88","s"
"2010","European Union (28 countries)","Carbon dioxide","Total - all NACE activities","Tonne","3,243,466,298","s"
"2010","Belgium","Nitrogen oxides","Total - all NACE activities","Tonne","193,223.14",""
"2010","Belgium","Methane","Total - all NACE activities","Tonne","333,237.68",""
"2010","Belgium","Nitrous oxide","Total - all NACE activities","Tonne","25,751.26",""
"2010","Belgium","Carbon dioxide","Total - all NACE activities","Tonne","85,262,813",""
"2010","Bulgaria","Nitrogen oxides","Total - all NACE activities","Tonne","129,190.14",""
"2010","Bulgaria","Methane","Total - all NACE activities","Tonne","104,609.37",""
"2010","Bulgaria","Nitrous oxide","Total - all NACE activities","Tonne","9,257.15",""
"2010","Bulgaria","Carbon dioxide","Total - all NACE activities","Tonne","45,489,538",""
"2010","Czech Republic","Nitrogen oxides","Total - all NACE activities","Tonne","197,875.5",""
"2010","Czech Republic","Methane","Total - all NACE activities","Tonne","501,798.35",""
"2010","Czech Republic","Nitrous oxide","Total - all NACE activities","Tonne","15,387.66",""
"2010","Czech Republic","Carbon dioxide","Total - all NACE activities","Tonne","98,309,750",""
"2010","Denmark","Nitrogen oxides","Total - all NACE activities","Tonne","1,072,183.63",""
"2010","Denmark","Methane","Total - all NACE activities","Tonne","303,635.8",""
"2010","Denmark","Nitrous oxide","Total - all NACE activities","Tonne","17,803.35",""
"2010","Denmark","Carbon dioxide","Total - all NACE activities","Tonne","77,813,346",""
"2010","Germany (until 1990 former territory of the FRG)","Nitrogen oxides","Total - all NACE activities","Tonne","1,603,197.02",""
"2010","Germany (until 1990 former territory of the FRG)","Methane","Total - all NACE activities","Tonne","2,219,580.05",""
"2010","Germany (until 1990 former territory of the FRG)","Nitrous oxide","Total - all NACE activities","Tonne","120,330.41",""
"2010","Germany (until 1990 former territory of the FRG)","Carbon dioxide","Total - all NACE activities","Tonne","696,830,984",""
"2010","Estonia","Nitrogen oxides","Total - all NACE activities","Tonne","50,446.17",""
"2010","Estonia","Methane","Total - all NACE activities","Tonne","41,810.19",""
"2010","Estonia","Nitrous oxide","Total - all NACE activities","Tonne","2,320.65",""
"2010","Estonia","Carbon dioxide","Total - all NACE activities","Tonne","17,646,373",""
"2010","Ireland","Nitrogen oxides","Total - all NACE activities","Tonne","65,801.88",""
"2010","Ireland","Methane","Total - all NACE activities","Tonne","496,741.45",""
"2010","Ireland","Nitrous oxide","Total - all NACE activities","Tonne","23,278.53",""
"2010","Ireland","Carbon dioxide","Total - all NACE activities","Tonne","27,246,535",""
"2010","Greece","Nitrogen oxides","Total - all NACE activities","Tonne","301,904.14",""
"2010","Greece","Methane","Total - all NACE activities","Tonne","459,868.09",""
"2010","Greece","Nitrous oxide","Total - all NACE activities","Tonne","18,092.22",""
"2010","Greece","Carbon dioxide","Total - all NACE activities","Tonne","73,698,658",""
"2010","Spain","Nitrogen oxides","Total - all NACE activities","Tonne","843,761.48",""
"2010","Spain","Methane","Total - all NACE activities","Tonne","1,519,717.5",""
"2010","Spain","Nitrous oxide","Total - all NACE activities","Tonne","44,614.35",""
"2010","Spain","Carbon dioxide","Total - all NACE activities","Tonne","220,727,938",""
"2010","France","Nitrogen oxides","Total - all NACE activities","Tonne","935,244.66",""
"2010","France","Methane","Total - all NACE activities","Tonne","2,327,842.77",""
"2010","France","Nitrous oxide","Total - all NACE activities","Tonne","140,275.17",""
"2010","France","Carbon dioxide","Total - all NACE activities","Tonne","271,112,461",""
"2010","Croatia","Nitrogen oxides","Total - all NACE activities","Tonne","50,546.05",""
"2010","Croatia","Methane","Total - all NACE activities","Tonne","114,033.08",""
"2010","Croatia","Nitrous oxide","Total - all NACE activities","Tonne","7,362.39",""
"2010","Croatia","Carbon dioxide","Total - all NACE activities","Tonne","15,711,763",""
"2010","Italy","Nitrogen oxides","Total - all NACE activities","Tonne","962,427.17",""
"2010","Italy","Methane","Total - all NACE activities","Tonne","1,810,343.4",""
"2010","Italy","Nitrous oxide","Total - all NACE activities","Tonne","60,003.84",""
"2010","Italy","Carbon dioxide","Total - all NACE activities","Tonne","324,976,538",""
"2010","Cyprus","Nitrogen oxides","Total - all NACE activities","Tonne","19,192.91",""
"2010","Cyprus","Methane","Total - all NACE activities","Tonne","36,527.74",""
"2010","Cyprus","Nitrous oxide","Total - all NACE activities","Tonne","980.12",""
"2010","Cyprus","Carbon dioxide","Total - all NACE activities","Tonne","6,861,490",""
"2010","Latvia","Nitrogen oxides","Total - all NACE activities","Tonne","47,654.07",""
"2010","Latvia","Methane","Total - all NACE activities","Tonne","73,071.03",""
"2010","Latvia","Nitrous oxide","Total - all NACE activities","Tonne","5,715.04",""
"2010","Latvia","Carbon dioxide","Total - all NACE activities","Tonne","8,442,889",""
"2010","Lithuania","Nitrogen oxides","Total - all NACE activities","Tonne","53,911.3",""
"2010","Lithuania","Methane","Total - all NACE activities","Tonne","138,884.79",""
"2010","Lithuania","Nitrous oxide","Total - all NACE activities","Tonne","8,742.23",""
"2010","Lithuania","Carbon dioxide","Total - all NACE activities","Tonne","13,343,969",""
"2010","Luxembourg","Nitrogen oxides","Total - all NACE activities","Tonne","12,885.63",""
"2010","Luxembourg","Methane","Total - all NACE activities","Tonne","23,462.66",""
"2010","Luxembourg","Nitrous oxide","Total - all NACE activities","Tonne","867.77",""
"2010","Luxembourg","Carbon dioxide","Total - all NACE activities","Tonne","7,480,438",""
"2010","Hungary","Nitrogen oxides","Total - all NACE activities","Tonne","122,577.18",""
"2010","Hungary","Methane","Total - all NACE activities","Tonne","310,579.76",""
"2010","Hungary","Nitrous oxide","Total - all NACE activities","Tonne","12,692.99",""
"2010","Hungary","Carbon dioxide","Total - all NACE activities","Tonne","38,994,691",""
"2010","Malta","Nitrogen oxides","Total - all NACE activities","Tonne","7,726.12","s"
"2010","Malta","Methane","Total - all NACE activities","Tonne","8,276.83","s"
"2010","Malta","Nitrous oxide","Total - all NACE activities","Tonne","244.59","s"
"2010","Malta","Carbon dioxide","Total - all NACE activities","Tonne","5,825,455","s"
"2010","Netherlands","Nitrogen oxides","Total - all NACE activities","Tonne","512,289.63",""
"2010","Netherlands","Methane","Total - all NACE activities","Tonne","775,304.65",""
"2010","Netherlands","Nitrous oxide","Total - all NACE activities","Tonne","26,708.33",""
"2010","Netherlands","Carbon dioxide","Total - all NACE activities","Tonne","174,164,987",""
"2010","Austria","Nitrogen oxides","Total - all NACE activities","Tonne","124,176.98",""
"2010","Austria","Methane","Total - all NACE activities","Tonne","278,206.05",""
"2010","Austria","Nitrous oxide","Total - all NACE activities","Tonne","10,219.62",""
"2010","Austria","Carbon dioxide","Total - all NACE activities","Tonne","54,830,236",""
"2010","Poland","Nitrogen oxides","Total - all NACE activities","Tonne","801,525.85",""
"2010","Poland","Methane","Total - all NACE activities","Tonne","1,591,761.23",""
"2010","Poland","Nitrous oxide","Total - all NACE activities","Tonne","64,593.73",""
"2010","Poland","Carbon dioxide","Total - all NACE activities","Tonne","290,024,452",""
"2010","Portugal","Nitrogen oxides","Total - all NACE activities","Tonne","179,224.3",""
"2010","Portugal","Methane","Total - all NACE activities","Tonne","535,360.6",""
"2010","Portugal","Nitrous oxide","Total - all NACE activities","Tonne","11,458.4",""
"2010","Portugal","Carbon dioxide","Total - all NACE activities","Tonne","46,205,400",""
"2010","Romania","Nitrogen oxides","Total - all NACE activities","Tonne","215,504.37",""
"2010","Romania","Methane","Total - all NACE activities","Tonne","1,121,222.09",""
"2010","Romania","Nitrous oxide","Total - all NACE activities","Tonne","22,518.84",""
"2010","Romania","Carbon dioxide","Total - all NACE activities","Tonne","69,768,857",""
"2010","Slovenia","Nitrogen oxides","Total - all NACE activities","Tonne","50,313.02",""
"2010","Slovenia","Methane","Total - all NACE activities","Tonne","80,640.52",""
"2010","Slovenia","Nitrous oxide","Total - all NACE activities","Tonne","2,441.45",""
"2010","Slovenia","Carbon dioxide","Total - all NACE activities","Tonne","13,721,650",""
"2010","Slovakia","Nitrogen oxides","Total - all NACE activities","Tonne","78,762.9",""
"2010","Slovakia","Methane","Total - all NACE activities","Tonne","181,167.57",""
"2010","Slovakia","Nitrous oxide","Total - all NACE activities","Tonne","9,509.52",""
"2010","Slovakia","Carbon dioxide","Total - all NACE activities","Tonne","33,062,653",""
"2010","Finland","Nitrogen oxides","Total - all NACE activities","Tonne","196,465.68",""
"2010","Finland","Methane","Total - all NACE activities","Tonne","211,603.56",""
"2010","Finland","Nitrous oxide","Total - all NACE activities","Tonne","15,540.72",""
"2010","Finland","Carbon dioxide","Total - all NACE activities","Tonne","61,302,624",""
"2010","Sweden","Nitrogen oxides","Total - all NACE activities","Tonne","279,607.93",""
"2010","Sweden","Methane","Total - all NACE activities","Tonne","215,332.25",""
"2010","Sweden","Nitrous oxide","Total - all NACE activities","Tonne","16,940.4",""
"2010","Sweden","Carbon dioxide","Total - all NACE activities","Tonne","51,193,255",""
"2010","United Kingdom","Nitrogen oxides","Total - all NACE activities","Tonne","1,320,869.87",""
"2010","United Kingdom","Methane","Total - all NACE activities","Tonne","2,597,161.81",""
"2010","United Kingdom","Nitrous oxide","Total - all NACE activities","Tonne","72,499.12",""
"2010","United Kingdom","Carbon dioxide","Total - all NACE activities","Tonne","413,416,555",""
"2010","Norway","Nitrogen oxides","Total - all NACE activities","Tonne","349,956.87",""
"2010","Norway","Methane","Total - all NACE activities","Tonne","208,671.41",""
"2010","Norway","Nitrous oxide","Total - all NACE activities","Tonne","8,659.78",""
"2010","Norway","Carbon dioxide","Total - all NACE activities","Tonne","54,951,859",""
"2010","Switzerland","Nitrogen oxides","Total - all NACE activities","Tonne","67,243.98",""
"2010","Switzerland","Methane","Total - all NACE activities","Tonne","206,635.02",""
"2010","Switzerland","Nitrous oxide","Total - all NACE activities","Tonne","8,133.66",""
"2010","Switzerland","Carbon dioxide","Total - all NACE activities","Tonne","27,445,588",""
"2010","Serbia","Nitrogen oxides","Total - all NACE activities","Tonne","114,449.61",""
"2010","Serbia","Methane","Total - all NACE activities","Tonne","83,266.13",""
"2010","Serbia","Nitrous oxide","Total - all NACE activities","Tonne","1,941.85",""
"2010","Serbia","Carbon dioxide","Total - all NACE activities","Tonne","45,362,665",""
"2010","Turkey","Nitrogen oxides","Total - all NACE activities","Tonne","668,276.61",""
"2010","Turkey","Methane","Total - all NACE activities","Tonne","1,891,439.85",""
"2010","Turkey","Nitrous oxide","Total - all NACE activities","Tonne","63,298.06",""
"2010","Turkey","Carbon dioxide","Total - all NACE activities","Tonne","245,855,258",""
"2011","European Union (28 countries)","Nitrogen oxides","Total - all NACE activities","Tonne","10,204,985.47","s"
"2011","European Union (28 countries)","Methane","Total - all NACE activities","Tonne","18,103,428.88","s"
"2011","European Union (28 countries)","Nitrous oxide","Total - all NACE activities","Tonne","755,236.63","s"
"2011","European Union (28 countries)","Carbon dioxide","Total - all NACE activities","Tonne","3,173,991,346","s"
"2011","Belgium","Nitrogen oxides","Total - all NACE activities","Tonne","180,387.37",""
"2011","Belgium","Methane","Total - all NACE activities","Tonne","325,829.88",""
"2011","Belgium","Nitrous oxide","Total - all NACE activities","Tonne","21,726.54",""
"2011","Belgium","Carbon dioxide","Total - all NACE activities","Tonne","79,424,396",""
"2011","Bulgaria","Nitrogen oxides","Total - all NACE activities","Tonne","145,807.85",""
"2011","Bulgaria","Methane","Total - all NACE activities","Tonne","113,349.63",""
"2011","Bulgaria","Nitrous oxide","Total - all NACE activities","Tonne","8,449.68",""
"2011","Bulgaria","Carbon dioxide","Total - all NACE activities","Tonne","50,657,023",""
"2011","Czech Republic","Nitrogen oxides","Total - all NACE activities","Tonne","186,770.5",""
"2011","Czech Republic","Methane","Total - all NACE activities","Tonne","502,616.5",""
"2011","Czech Republic","Nitrous oxide","Total - all NACE activities","Tonne","15,869.05",""
"2011","Czech Republic","Carbon dioxide","Total - all NACE activities","Tonne","94,974,203",""
"2011","Denmark","Nitrogen oxides","Total - all NACE activities","Tonne","1,145,455.81",""
"2011","Denmark","Methane","Total - all NACE activities","Tonne","298,924.69",""
"2011","Denmark","Nitrous oxide","Total - all NACE activities","Tonne","17,895.33",""
"2011","Denmark","Carbon dioxide","Total - all NACE activities","Tonne","76,326,557",""
"2011","Germany (until 1990 former territory of the FRG)","Nitrogen oxides","Total - all NACE activities","Tonne","1,529,579.77",""
"2011","Germany (until 1990 former territory of the FRG)","Methane","Total - all NACE activities","Tonne","2,181,772.68",""
"2011","Germany (until 1990 former territory of the FRG)","Nitrous oxide","Total - all NACE activities","Tonne","124,639.22",""
"2011","Germany (until 1990 former territory of the FRG)","Carbon dioxide","Total - all NACE activities","Tonne","686,865,947",""
"2011","Estonia","Nitrogen oxides","Total - all NACE activities","Tonne","44,551.84",""
"2011","Estonia","Methane","Total - all NACE activities","Tonne","40,541.34",""
"2011","Estonia","Nitrous oxide","Total - all NACE activities","Tonne","2,324.53",""
"2011","Estonia","Carbon dioxide","Total - all NACE activities","Tonne","17,691,425",""
"2011","Ireland","Nitrogen oxides","Total - all NACE activities","Tonne","58,150.1",""
"2011","Ireland","Methane","Total - all NACE activities","Tonne","495,840.46",""
"2011","Ireland","Nitrous oxide","Total - all NACE activities","Tonne","21,919.97",""
"2011","Ireland","Carbon dioxide","Total - all NACE activities","Tonne","24,918,019",""
"2011","Greece","Nitrogen oxides","Total - all NACE activities","Tonne","282,446.07",""
"2011","Greece","Methane","Total - all NACE activities","Tonne","453,479.7",""
"2011","Greece","Nitrous oxide","Total - all NACE activities","Tonne","17,486.65",""
"2011","Greece","Carbon dioxide","Total - all NACE activities","Tonne","71,558,260",""
"2011","Spain","Nitrogen oxides","Total - all NACE activities","Tonne","841,916.67",""
"2011","Spain","Methane","Total - all NACE activities","Tonne","1,514,840.51",""
"2011","Spain","Nitrous oxide","Total - all NACE activities","Tonne","42,791.29",""
"2011","Spain","Carbon dioxide","Total - all NACE activities","Tonne","226,911,973",""
"2011","France","Nitrogen oxides","Total - all NACE activities","Tonne","904,798.88",""
"2011","France","Methane","Total - all NACE activities","Tonne","2,308,831.98",""
"2011","France","Nitrous oxide","Total - all NACE activities","Tonne","135,244.05",""
"2011","France","Carbon dioxide","Total - all NACE activities","Tonne","257,721,487",""
"2011","Croatia","Nitrogen oxides","Total - all NACE activities","Tonne","47,548.08",""
"2011","Croatia","Methane","Total - all NACE activities","Tonne","113,950.8",""
"2011","Croatia","Nitrous oxide","Total - all NACE activities","Tonne","7,588.17",""
"2011","Croatia","Carbon dioxide","Total - all NACE activities","Tonne","15,360,130",""
"2011","Italy","Nitrogen oxides","Total - all NACE activities","Tonne","947,599.72",""
"2011","Italy","Methane","Total - all NACE activities","Tonne","1,780,268.76",""
"2011","Italy","Nitrous oxide","Total - all NACE activities","Tonne","60,199.14",""
"2011","Italy","Carbon dioxide","Total - all NACE activities","Tonne","316,366,554",""
"2011","Cyprus","Nitrogen oxides","Total - all NACE activities","Tonne","20,301.17",""
"2011","Cyprus","Methane","Total - all NACE activities","Tonne","36,697.17",""
"2011","Cyprus","Nitrous oxide","Total - all NACE activities","Tonne","920.87",""
"2011","Cyprus","Carbon dioxide","Total - all NACE activities","Tonne","6,300,668",""
"2011","Latvia","Nitrogen oxides","Total - all NACE activities","Tonne","39,182.39",""
"2011","Latvia","Methane","Total - all NACE activities","Tonne","70,995.76",""
"2011","Latvia","Nitrous oxide","Total - all NACE activities","Tonne","5,755.29",""
"2011","Latvia","Carbon dioxide","Total - all NACE activities","Tonne","7,508,368",""
"2011","Lithuania","Nitrogen oxides","Total - all NACE activities","Tonne","55,007.35",""
"2011","Lithuania","Methane","Total - all NACE activities","Tonne","131,955.16",""
"2011","Lithuania","Nitrous oxide","Total - all NACE activities","Tonne","9,822.21",""
"2011","Lithuania","Carbon dioxide","Total - all NACE activities","Tonne","14,294,952",""
"2011","Luxembourg","Nitrogen oxides","Total - all NACE activities","Tonne","11,722.63",""
"2011","Luxembourg","Methane","Total - all NACE activities","Tonne","22,476.13",""
"2011","Luxembourg","Nitrous oxide","Total - all NACE activities","Tonne","871.92",""
"2011","Luxembourg","Carbon dioxide","Total - all NACE activities","Tonne","6,676,520",""
"2011","Hungary","Nitrogen oxides","Total - all NACE activities","Tonne","124,133.54",""
"2011","Hungary","Methane","Total - all NACE activities","Tonne","300,932.1",""
"2011","Hungary","Nitrous oxide","Total - all NACE activities","Tonne","13,266.19",""
"2011","Hungary","Carbon dioxide","Total - all NACE activities","Tonne","38,192,777",""
"2011","Malta","Nitrogen oxides","Total - all NACE activities","Tonne","7,136.74","s"
"2011","Malta","Methane","Total - all NACE activities","Tonne","7,807.15","s"
"2011","Malta","Nitrous oxide","Total - all NACE activities","Tonne","242.16","s"
"2011","Malta","Carbon dioxide","Total - all NACE activities","Tonne","5,654,766","s"
"2011","Netherlands","Nitrogen oxides","Total - all NACE activities","Tonne","473,535.22",""
"2011","Netherlands","Methane","Total - all NACE activities","Tonne","759,692.19",""
"2011","Netherlands","Nitrous oxide","Total - all NACE activities","Tonne","26,113.72",""
"2011","Netherlands","Carbon dioxide","Total - all NACE activities","Tonne","167,058,653",""
"2011","Austria","Nitrogen oxides","Total - all NACE activities","Tonne","120,427.88",""
"2011","Austria","Methane","Total - all NACE activities","Tonne","270,777.94",""
"2011","Austria","Nitrous oxide","Total - all NACE activities","Tonne","10,494.85",""
"2011","Austria","Carbon dioxide","Total - all NACE activities","Tonne","54,215,330",""
"2011","Poland","Nitrogen oxides","Total - all NACE activities","Tonne","794,078.43",""
"2011","Poland","Methane","Total - all NACE activities","Tonne","1,563,164.2",""
"2011","Poland","Nitrous oxide","Total - all NACE activities","Tonne","65,758.17",""
"2011","Poland","Carbon dioxide","Total - all NACE activities","Tonne","293,205,091",""
"2011","Portugal","Nitrogen oxides","Total - all NACE activities","Tonne","169,873.6",""
"2011","Portugal","Methane","Total - all NACE activities","Tonne","541,582.7",""
"2011","Portugal","Nitrous oxide","Total - all NACE activities","Tonne","10,557.3",""
"2011","Portugal","Carbon dioxide","Total - all NACE activities","Tonne","43,727,300",""
"2011","Romania","Nitrogen oxides","Total - all NACE activities","Tonne","221,844.22",""
"2011","Romania","Methane","Total - all NACE activities","Tonne","1,100,849.65",""
"2011","Romania","Nitrous oxide","Total - all NACE activities","Tonne","23,403.58",""
"2011","Romania","Carbon dioxide","Total - all NACE activities","Tonne","74,303,097",""
"2011","Slovenia","Nitrogen oxides","Total - all NACE activities","Tonne","51,014.72",""
"2011","Slovenia","Methane","Total - all NACE activities","Tonne","80,485.11",""
"2011","Slovenia","Nitrous oxide","Total - all NACE activities","Tonne","2,457.1",""
"2011","Slovenia","Carbon dioxide","Total - all NACE activities","Tonne","13,912,219",""
"2011","Slovakia","Nitrogen oxides","Total - all NACE activities","Tonne","74,476.93",""
"2011","Slovakia","Methane","Total - all NACE activities","Tonne","184,384.63",""
"2011","Slovakia","Nitrous oxide","Total - all NACE activities","Tonne","8,013.1",""
"2011","Slovakia","Carbon dioxide","Total - all NACE activities","Tonne","33,221,452",""
"2011","Finland","Nitrogen oxides","Total - all NACE activities","Tonne","176,406.48",""
"2011","Finland","Methane","Total - all NACE activities","Tonne","206,111.84",""
"2011","Finland","Nitrous oxide","Total - all NACE activities","Tonne","15,155.94",""
"2011","Finland","Carbon dioxide","Total - all NACE activities","Tonne","54,472,495",""
"2011","Sweden","Nitrogen oxides","Total - all NACE activities","Tonne","258,952.98",""
"2011","Sweden","Methane","Total - all NACE activities","Tonne","210,535.02",""
"2011","Sweden","Nitrous oxide","Total - all NACE activities","Tonne","17,153.63",""
"2011","Sweden","Carbon dioxide","Total - all NACE activities","Tonne","47,524,805",""
"2011","United Kingdom","Nitrogen oxides","Total - all NACE activities","Tonne","1,291,878.54",""
"2011","United Kingdom","Methane","Total - all NACE activities","Tonne","2,484,735.19",""
"2011","United Kingdom","Nitrous oxide","Total - all NACE activities","Tonne","69,116.95",""
"2011","United Kingdom","Carbon dioxide","Total - all NACE activities","Tonne","394,946,878",""
"2011","Norway","Nitrogen oxides","Total - all NACE activities","Tonne","279,744.83",""
"2011","Norway","Methane","Total - all NACE activities","Tonne","203,907.85",""
"2011","Norway","Nitrous oxide","Total - all NACE activities","Tonne","8,576.89",""
"2011","Norway","Carbon dioxide","Total - all NACE activities","Tonne","50,822,119",""
"2011","Switzerland","Nitrogen oxides","Total - all NACE activities","Tonne","66,763.89",""
"2011","Switzerland","Methane","Total - all NACE activities","Tonne","204,696.51",""
"2011","Switzerland","Nitrous oxide","Total - all NACE activities","Tonne","8,010.9",""
"2011","Switzerland","Carbon dioxide","Total - all NACE activities","Tonne","26,350,819",""
"2011","Serbia","Nitrogen oxides","Total - all NACE activities","Tonne","123,394.35",""
"2011","Serbia","Methane","Total - all NACE activities","Tonne","93,568.85",""
"2011","Serbia","Nitrous oxide","Total - all NACE activities","Tonne","2,381.19",""
"2011","Serbia","Carbon dioxide","Total - all NACE activities","Tonne","48,114,365",""
"2011","Turkey","Nitrogen oxides","Total - all NACE activities","Tonne","763,634.83",""
"2011","Turkey","Methane","Total - all NACE activities","Tonne","2,017,664.15",""
"2011","Turkey","Nitrous oxide","Total - all NACE activities","Tonne","63,206.92",""
"2011","Turkey","Carbon dioxide","Total - all NACE activities","Tonne","259,206,234",""
"2012","European Union (28 countries)","Nitrogen oxides","Total - all NACE activities","Tonne","9,763,438.75","s"
"2012","European Union (28 countries)","Methane","Total - all NACE activities","Tonne","17,883,874.6","s"
"2012","European Union (28 countries)","Nitrous oxide","Total - all NACE activities","Tonne","744,574.08","s"
"2012","European Union (28 countries)","Carbon dioxide","Total - all NACE activities","Tonne","3,103,608,031","s"
"2012","Belgium","Nitrogen oxides","Total - all NACE activities","Tonne","170,739.07",""
"2012","Belgium","Methane","Total - all NACE activities","Tonne","319,215.41",""
"2012","Belgium","Nitrous oxide","Total - all NACE activities","Tonne","21,432.59",""
"2012","Belgium","Carbon dioxide","Total - all NACE activities","Tonne","76,348,250",""
"2012","Bulgaria","Nitrogen oxides","Total - all NACE activities","Tonne","131,182.14",""
"2012","Bulgaria","Methane","Total - all NACE activities","Tonne","104,215.27",""
"2012","Bulgaria","Nitrous oxide","Total - all NACE activities","Tonne","8,472.36",""
"2012","Bulgaria","Carbon dioxide","Total - all NACE activities","Tonne","45,829,293",""
"2012","Czech Republic","Nitrogen oxides","Total - all NACE activities","Tonne","174,069.57",""
"2012","Czech Republic","Methane","Total - all NACE activities","Tonne","506,470.82",""
"2012","Czech Republic","Nitrous oxide","Total - all NACE activities","Tonne","15,727.24",""
"2012","Czech Republic","Carbon dioxide","Total - all NACE activities","Tonne","90,575,915",""
"2012","Denmark","Nitrogen oxides","Total - all NACE activities","Tonne","1,066,425.09",""
"2012","Denmark","Methane","Total - all NACE activities","Tonne","293,071.37",""
"2012","Denmark","Nitrous oxide","Total - all NACE activities","Tonne","17,331.99",""
"2012","Denmark","Carbon dioxide","Total - all NACE activities","Tonne","70,014,336",""
"2012","Germany (until 1990 former territory of the FRG)","Nitrogen oxides","Total - all NACE activities","Tonne","1,560,177.61",""
"2012","Germany (until 1990 former territory of the FRG)","Methane","Total - all NACE activities","Tonne","2,214,960.84",""
"2012","Germany (until 1990 former territory of the FRG)","Nitrous oxide","Total - all NACE activities","Tonne","122,294.26",""
"2012","Germany (until 1990 former territory of the FRG)","Carbon dioxide","Total - all NACE activities","Tonne","693,722,069",""
"2012","Estonia","Nitrogen oxides","Total - all NACE activities","Tonne","45,522.71",""
"2012","Estonia","Methane","Total - all NACE activities","Tonne","40,671.45",""
"2012","Estonia","Nitrous oxide","Total - all NACE activities","Tonne","2,543.35",""
"2012","Estonia","Carbon dioxide","Total - all NACE activities","Tonne","17,006,604",""
"2012","Ireland","Nitrogen oxides","Total - all NACE activities","Tonne","60,007.59",""
"2012","Ireland","Methane","Total - all NACE activities","Tonne","507,958.34",""
"2012","Ireland","Nitrous oxide","Total - all NACE activities","Tonne","22,188.7",""
"2012","Ireland","Carbon dioxide","Total - all NACE activities","Tonne","25,489,429",""
"2012","Greece","Nitrogen oxides","Total - all NACE activities","Tonne","225,996.89",""
"2012","Greece","Methane","Total - all NACE activities","Tonne","449,878.97",""
"2012","Greece","Nitrous oxide","Total - all NACE activities","Tonne","16,178.15",""
"2012","Greece","Carbon dioxide","Total - all NACE activities","Tonne","70,802,999",""
"2012","Spain","Nitrogen oxides","Total - all NACE activities","Tonne","812,879.31",""
"2012","Spain","Methane","Total - all NACE activities","Tonne","1,494,482.1",""
"2012","Spain","Nitrous oxide","Total - all NACE activities","Tonne","41,327.29",""
"2012","Spain","Carbon dioxide","Total - all NACE activities","Tonne","225,617,209",""
"2012","France","Nitrogen oxides","Total - all NACE activities","Tonne","862,034.6",""
"2012","France","Methane","Total - all NACE activities","Tonne","2,245,032.36",""
"2012","France","Nitrous oxide","Total - all NACE activities","Tonne","135,429.99",""
"2012","France","Carbon dioxide","Total - all NACE activities","Tonne","253,461,050",""
"2012","Croatia","Nitrogen oxides","Total - all NACE activities","Tonne","43,117.07",""
"2012","Croatia","Methane","Total - all NACE activities","Tonne","111,542.95",""
"2012","Croatia","Nitrous oxide","Total - all NACE activities","Tonne","7,111.68",""
"2012","Croatia","Carbon dioxide","Total - all NACE activities","Tonne","13,637,075",""
"2012","Italy","Nitrogen oxides","Total - all NACE activities","Tonne","863,372.08",""
"2012","Italy","Methane","Total - all NACE activities","Tonne","1,762,219.84",""
"2012","Italy","Nitrous oxide","Total - all NACE activities","Tonne","60,918.58",""
"2012","Italy","Carbon dioxide","Total - all NACE activities","Tonne","294,198,100",""
"2012","Cyprus","Nitrogen oxides","Total - all NACE activities","Tonne","18,973.62",""
"2012","Cyprus","Methane","Total - all NACE activities","Tonne","35,949.96",""
"2012","Cyprus","Nitrous oxide","Total - all NACE activities","Tonne","895.38",""
"2012","Cyprus","Carbon dioxide","Total - all NACE activities","Tonne","5,705,779",""
"2012","Latvia","Nitrogen oxides","Total - all NACE activities","Tonne","37,769.4",""
"2012","Latvia","Methane","Total - all NACE activities","Tonne","73,623.61",""
"2012","Latvia","Nitrous oxide","Total - all NACE activities","Tonne","6,076.56",""
"2012","Latvia","Carbon dioxide","Total - all NACE activities","Tonne","7,162,874",""
"2012","Lithuania","Nitrogen oxides","Total - all NACE activities","Tonne","58,080.5",""
"2012","Lithuania","Methane","Total - all NACE activities","Tonne","132,726.39",""
"2012","Lithuania","Nitrous oxide","Total - all NACE activities","Tonne","9,072.87",""
"2012","Lithuania","Carbon dioxide","Total - all NACE activities","Tonne","14,480,930",""
"2012","Luxembourg","Nitrogen oxides","Total - all NACE activities","Tonne","11,488.64",""
"2012","Luxembourg","Methane","Total - all NACE activities","Tonne","21,961.46",""
"2012","Luxembourg","Nitrous oxide","Total - all NACE activities","Tonne","828.92",""
"2012","Luxembourg","Carbon dioxide","Total - all NACE activities","Tonne","6,693,950",""
"2012","Hungary","Nitrogen oxides","Total - all NACE activities","Tonne","113,727.22",""
"2012","Hungary","Methane","Total - all NACE activities","Tonne","301,407.81",""
"2012","Hungary","Nitrous oxide","Total - all NACE activities","Tonne","13,075.32",""
"2012","Hungary","Carbon dioxide","Total - all NACE activities","Tonne","35,450,038",""
"2012","Malta","Nitrogen oxides","Total - all NACE activities","Tonne","7,710.45","s"
"2012","Malta","Methane","Total - all NACE activities","Tonne","7,797.15","s"
"2012","Malta","Nitrous oxide","Total - all NACE activities","Tonne","239.21","s"
"2012","Malta","Carbon dioxide","Total - all NACE activities","Tonne","5,450,761","s"
"2012","Netherlands","Nitrogen oxides","Total - all NACE activities","Tonne","465,614.33",""
"2012","Netherlands","Methane","Total - all NACE activities","Tonne","745,658.59",""
"2012","Netherlands","Nitrous oxide","Total - all NACE activities","Tonne","25,573.29",""
"2012","Netherlands","Carbon dioxide","Total - all NACE activities","Tonne","163,730,880",""
"2012","Austria","Nitrogen oxides","Total - all NACE activities","Tonne","116,413.95",""
"2012","Austria","Methane","Total - all NACE activities","Tonne","265,616.52",""
"2012","Austria","Nitrous oxide","Total - all NACE activities","Tonne","10,335.02",""
"2012","Austria","Carbon dioxide","Total - all NACE activities","Tonne","51,561,965",""
"2012","Poland","Nitrogen oxides","Total - all NACE activities","Tonne","772,550.52",""
"2012","Poland","Methane","Total - all NACE activities","Tonne","1,576,271.67",""
"2012","Poland","Nitrous oxide","Total - all NACE activities","Tonne","66,034.09",""
"2012","Poland","Carbon dioxide","Total - all NACE activities","Tonne","284,392,085",""
"2012","Portugal","Nitrogen oxides","Total - all NACE activities","Tonne","160,198.5",""
"2012","Portugal","Methane","Total - all NACE activities","Tonne","526,980",""
"2012","Portugal","Nitrous oxide","Total - all NACE activities","Tonne","10,573",""
"2012","Portugal","Carbon dioxide","Total - all NACE activities","Tonne","42,572,500",""
"2012","Romania","Nitrogen oxides","Total - all NACE activities","Tonne","213,051.39",""
"2012","Romania","Methane","Total - all NACE activities","Tonne","1,120,145.84",""
"2012","Romania","Nitrous oxide","Total - all NACE activities","Tonne","21,377.25",""
"2012","Romania","Carbon dioxide","Total - all NACE activities","Tonne","71,424,108",""
"2012","Slovenia","Nitrogen oxides","Total - all NACE activities","Tonne","48,596.2",""
"2012","Slovenia","Methane","Total - all NACE activities","Tonne","78,357.53",""
"2012","Slovenia","Nitrous oxide","Total - all NACE activities","Tonne","2,463.01",""
"2012","Slovenia","Carbon dioxide","Total - all NACE activities","Tonne","13,312,443",""
"2012","Slovakia","Nitrogen oxides","Total - all NACE activities","Tonne","69,724.56",""
"2012","Slovakia","Methane","Total - all NACE activities","Tonne","168,269.98",""
"2012","Slovakia","Nitrous oxide","Total - all NACE activities","Tonne","7,839.69",""
"2012","Slovakia","Carbon dioxide","Total - all NACE activities","Tonne","30,831,803",""
"2012","Finland","Nitrogen oxides","Total - all NACE activities","Tonne","179,136.3",""
"2012","Finland","Methane","Total - all NACE activities","Tonne","203,612.84",""
"2012","Finland","Nitrous oxide","Total - all NACE activities","Tonne","15,084.13",""
"2012","Finland","Carbon dioxide","Total - all NACE activities","Tonne","49,119,180",""
"2012","Sweden","Nitrogen oxides","Total - all NACE activities","Tonne","246,657.83",""
"2012","Sweden","Methane","Total - all NACE activities","Tonne","204,103.96",""
"2012","Sweden","Nitrous oxide","Total - all NACE activities","Tonne","15,635.95",""
"2012","Sweden","Carbon dioxide","Total - all NACE activities","Tonne","45,249,379",""
"2012","United Kingdom","Nitrogen oxides","Total - all NACE activities","Tonne","1,228,221.61",""
"2012","United Kingdom","Methane","Total - all NACE activities","Tonne","2,371,671.57",""
"2012","United Kingdom","Nitrous oxide","Total - all NACE activities","Tonne","68,514.23",""
"2012","United Kingdom","Carbon dioxide","Total - all NACE activities","Tonne","399,767,026",""
"2012","Norway","Nitrogen oxides","Total - all NACE activities","Tonne","251,683.14",""
"2012","Norway","Methane","Total - all NACE activities","Tonne","201,105.42",""
"2012","Norway","Nitrous oxide","Total - all NACE activities","Tonne","8,548.79",""
"2012","Norway","Carbon dioxide","Total - all NACE activities","Tonne","50,155,390",""
"2012","Switzerland","Nitrogen oxides","Total - all NACE activities","Tonne","66,536.28",""
"2012","Switzerland","Methane","Total - all NACE activities","Tonne","202,963.41",""
"2012","Switzerland","Nitrous oxide","Total - all NACE activities","Tonne","7,951.35",""
"2012","Switzerland","Carbon dioxide","Total - all NACE activities","Tonne","26,642,569",""
"2012","Serbia","Nitrogen oxides","Total - all NACE activities","Tonne","111,811.43",""
"2012","Serbia","Methane","Total - all NACE activities","Tonne","94,196.72",""
"2012","Serbia","Nitrous oxide","Total - all NACE activities","Tonne","2,455.16",""
"2012","Serbia","Carbon dioxide","Total - all NACE activities","Tonne","41,250,990",""
"2012","Turkey","Nitrogen oxides","Total - all NACE activities","Tonne","726,478.78",""
"2012","Turkey","Methane","Total - all NACE activities","Tonne","2,181,376.46",""
"2012","Turkey","Nitrous oxide","Total - all NACE activities","Tonne","68,185.62",""
"2012","Turkey","Carbon dioxide","Total - all NACE activities","Tonne","273,168,598",""
"2013","European Union (28 countries)","Nitrogen oxides","Total - all NACE activities","Tonne","9,232,791.23","s"
"2013","European Union (28 countries)","Methane","Total - all NACE activities","Tonne","17,414,382.26","s"
"2013","European Union (28 countries)","Nitrous oxide","Total - all NACE activities","Tonne","744,080.96","s"
"2013","European Union (28 countries)","Carbon dioxide","Total - all NACE activities","Tonne","3,001,555,134","s"
"2013","Belgium","Nitrogen oxides","Total - all NACE activities","Tonne","164,951.01",""
"2013","Belgium","Methane","Total - all NACE activities","Tonne","312,363.99",""
"2013","Belgium","Nitrous oxide","Total - all NACE activities","Tonne","20,783.3",""
"2013","Belgium","Carbon dioxide","Total - all NACE activities","Tonne","75,663,766",""
"2013","Bulgaria","Nitrogen oxides","Total - all NACE activities","Tonne","116,522.82",""
"2013","Bulgaria","Methane","Total - all NACE activities","Tonne","86,409.36",""
"2013","Bulgaria","Nitrous oxide","Total - all NACE activities","Tonne","9,090.94",""
"2013","Bulgaria","Carbon dioxide","Total - all NACE activities","Tonne","40,460,179",""
"2013","Czech Republic","Nitrogen oxides","Total - all NACE activities","Tonne","162,726.22",""
"2013","Czech Republic","Methane","Total - all NACE activities","Tonne","479,890.75",""
"2013","Czech Republic","Nitrous oxide","Total - all NACE activities","Tonne","15,319.63",""
"2013","Czech Republic","Carbon dioxide","Total - all NACE activities","Tonne","88,479,156",""
"2013","Denmark","Nitrogen oxides","Total - all NACE activities","Tonne","964,771.46",""
"2013","Denmark","Methane","Total - all NACE activities","Tonne","289,370.79",""
"2013","Denmark","Nitrous oxide","Total - all NACE activities","Tonne","17,707.55",""
"2013","Denmark","Carbon dioxide","Total - all NACE activities","Tonne","68,283,089",""
"2013","Germany (until 1990 former territory of the FRG)","Nitrogen oxides","Total - all NACE activities","Tonne","1,571,486.51",""
"2013","Germany (until 1990 former territory of the FRG)","Methane","Total - all NACE activities","Tonne","2,188,541.59",""
"2013","Germany (until 1990 former territory of the FRG)","Nitrous oxide","Total - all NACE activities","Tonne","124,063.81",""
"2013","Germany (until 1990 former territory of the FRG)","Carbon dioxide","Total - all NACE activities","Tonne","704,415,377",""
"2013","Estonia","Nitrogen oxides","Total - all NACE activities","Tonne","44,011.09",""
"2013","Estonia","Methane","Total - all NACE activities","Tonne","40,404.72",""
"2013","Estonia","Nitrous oxide","Total - all NACE activities","Tonne","2,507.17",""
"2013","Estonia","Carbon dioxide","Total - all NACE activities","Tonne","19,315,377",""
"2013","Ireland","Nitrogen oxides","Total - all NACE activities","Tonne","58,097.84",""
"2013","Ireland","Methane","Total - all NACE activities","Tonne","520,879.12",""
"2013","Ireland","Nitrous oxide","Total - all NACE activities","Tonne","23,460.24",""
"2013","Ireland","Carbon dioxide","Total - all NACE activities","Tonne","24,322,114",""
"2013","Greece","Nitrogen oxides","Total - all NACE activities","Tonne","232,514.99",""
"2013","Greece","Methane","Total - all NACE activities","Tonne","444,712.64",""
"2013","Greece","Nitrous oxide","Total - all NACE activities","Tonne","15,343.11",""
"2013","Greece","Carbon dioxide","Total - all NACE activities","Tonne","65,126,655",""
"2013","Spain","Nitrogen oxides","Total - all NACE activities","Tonne","703,374.44",""
"2013","Spain","Methane","Total - all NACE activities","Tonne","1,486,745.58",""
"2013","Spain","Nitrous oxide","Total - all NACE activities","Tonne","42,313.9",""
"2013","Spain","Carbon dioxide","Total - all NACE activities","Tonne","198,309,584",""
"2013","France","Nitrogen oxides","Total - all NACE activities","Tonne","849,691.65",""
"2013","France","Methane","Total - all NACE activities","Tonne","2,199,897.24",""
"2013","France","Nitrous oxide","Total - all NACE activities","Tonne","134,675.01",""
"2013","France","Carbon dioxide","Total - all NACE activities","Tonne","252,188,388",""
"2013","Croatia","Nitrogen oxides","Total - all NACE activities","Tonne","42,877.81",""
"2013","Croatia","Methane","Total - all NACE activities","Tonne","110,158.96",""
"2013","Croatia","Nitrous oxide","Total - all NACE activities","Tonne","5,377.75",""
"2013","Croatia","Carbon dioxide","Total - all NACE activities","Tonne","13,565,423",""
"2013","Italy","Nitrogen oxides","Total - all NACE activities","Tonne","815,687.24",""
"2013","Italy","Methane","Total - all NACE activities","Tonne","1,664,607.37",""
"2013","Italy","Nitrous oxide","Total - all NACE activities","Tonne","57,791.33",""
"2013","Italy","Carbon dioxide","Total - all NACE activities","Tonne","268,389,935",""
"2013","Cyprus","Nitrogen oxides","Total - all NACE activities","Tonne","14,332.68",""
"2013","Cyprus","Methane","Total - all NACE activities","Tonne","35,062.77",""
"2013","Cyprus","Nitrous oxide","Total - all NACE activities","Tonne","808.36",""
"2013","Cyprus","Carbon dioxide","Total - all NACE activities","Tonne","5,101,346",""
"2013","Latvia","Nitrogen oxides","Total - all NACE activities","Tonne","37,362.34",""
"2013","Latvia","Methane","Total - all NACE activities","Tonne","75,729.96",""
"2013","Latvia","Nitrous oxide","Total - all NACE activities","Tonne","6,203.62",""
"2013","Latvia","Carbon dioxide","Total - all NACE activities","Tonne","6,925,043",""
"2013","Lithuania","Nitrogen oxides","Total - all NACE activities","Tonne","60,684.49",""
"2013","Lithuania","Methane","Total - all NACE activities","Tonne","128,981.86",""
"2013","Lithuania","Nitrous oxide","Total - all NACE activities","Tonne","8,244.32",""
"2013","Lithuania","Carbon dioxide","Total - all NACE activities","Tonne","14,128,184",""
"2013","Luxembourg","Nitrogen oxides","Total - all NACE activities","Tonne","11,106.88",""
"2013","Luxembourg","Methane","Total - all NACE activities","Tonne","22,088.12",""
"2013","Luxembourg","Nitrous oxide","Total - all NACE activities","Tonne","856.19",""
"2013","Luxembourg","Carbon dioxide","Total - all NACE activities","Tonne","6,688,141",""
"2013","Hungary","Nitrogen oxides","Total - all NACE activities","Tonne","117,987.72",""
"2013","Hungary","Methane","Total - all NACE activities","Tonne","293,982.16",""
"2013","Hungary","Nitrous oxide","Total - all NACE activities","Tonne","14,370.47",""
"2013","Hungary","Carbon dioxide","Total - all NACE activities","Tonne","33,613,202",""
"2013","Malta","Nitrogen oxides","Total - all NACE activities","Tonne","4,603.27","s"
"2013","Malta","Methane","Total - all NACE activities","Tonne","7,880.1","s"
"2013","Malta","Nitrous oxide","Total - all NACE activities","Tonne","240.54","s"
"2013","Malta","Carbon dioxide","Total - all NACE activities","Tonne","5,069,443","s"
"2013","Netherlands","Nitrogen oxides","Total - all NACE activities","Tonne","450,676.4",""
"2013","Netherlands","Methane","Total - all NACE activities","Tonne","744,269.51",""
"2013","Netherlands","Nitrous oxide","Total - all NACE activities","Tonne","25,695.3",""
"2013","Netherlands","Carbon dioxide","Total - all NACE activities","Tonne","161,108,727",""
"2013","Austria","Nitrogen oxides","Total - all NACE activities","Tonne","113,672.32",""
"2013","Austria","Methane","Total - all NACE activities","Tonne","260,969.08",""
"2013","Austria","Nitrous oxide","Total - all NACE activities","Tonne","10,275.05",""
"2013","Austria","Carbon dioxide","Total - all NACE activities","Tonne","51,019,439",""
"2013","Poland","Nitrogen oxides","Total - all NACE activities","Tonne","687,131.91",""
"2013","Poland","Methane","Total - all NACE activities","Tonne","1,570,343.22",""
"2013","Poland","Nitrous oxide","Total - all NACE activities","Tonne","66,389.34",""
"2013","Poland","Carbon dioxide","Total - all NACE activities","Tonne","270,179,586",""
"2013","Portugal","Nitrogen oxides","Total - all NACE activities","Tonne","161,673.9",""
"2013","Portugal","Methane","Total - all NACE activities","Tonne","516,294.5",""
"2013","Portugal","Nitrous oxide","Total - all NACE activities","Tonne","10,774",""
"2013","Portugal","Carbon dioxide","Total - all NACE activities","Tonne","41,189,400",""
"2013","Romania","Nitrogen oxides","Total - all NACE activities","Tonne","193,353.1",""
"2013","Romania","Methane","Total - all NACE activities","Tonne","1,106,287.34",""
"2013","Romania","Nitrous oxide","Total - all NACE activities","Tonne","21,466.75",""
"2013","Romania","Carbon dioxide","Total - all NACE activities","Tonne","62,301,171",""
"2013","Slovenia","Nitrogen oxides","Total - all NACE activities","Tonne","45,248.77",""
"2013","Slovenia","Methane","Total - all NACE activities","Tonne","76,277.16",""
"2013","Slovenia","Nitrous oxide","Total - all NACE activities","Tonne","2,368.59",""
"2013","Slovenia","Carbon dioxide","Total - all NACE activities","Tonne","12,834,528",""
"2013","Slovakia","Nitrogen oxides","Total - all NACE activities","Tonne","69,175.42",""
"2013","Slovakia","Methane","Total - all NACE activities","Tonne","175,074.44",""
"2013","Slovakia","Nitrous oxide","Total - all NACE activities","Tonne","7,687.77",""
"2013","Slovakia","Carbon dioxide","Total - all NACE activities","Tonne","30,491,734",""
"2013","Finland","Nitrogen oxides","Total - all NACE activities","Tonne","182,890.37",""
"2013","Finland","Methane","Total - all NACE activities","Tonne","198,730.81",""
"2013","Finland","Nitrous oxide","Total - all NACE activities","Tonne","15,303.3",""
"2013","Finland","Carbon dioxide","Total - all NACE activities","Tonne","50,695,597",""
"2013","Sweden","Nitrogen oxides","Total - all NACE activities","Tonne","236,277.91",""
"2013","Sweden","Methane","Total - all NACE activities","Tonne","199,945.78",""
"2013","Sweden","Nitrous oxide","Total - all NACE activities","Tonne","16,190.22",""
"2013","Sweden","Carbon dioxide","Total - all NACE activities","Tonne","43,109,921",""
"2013","United Kingdom","Nitrogen oxides","Total - all NACE activities","Tonne","1,119,900.67",""
"2013","United Kingdom","Methane","Total - all NACE activities","Tonne","2,178,483.36",""
"2013","United Kingdom","Nitrous oxide","Total - all NACE activities","Tonne","68,773.38",""
"2013","United Kingdom","Carbon dioxide","Total - all NACE activities","Tonne","388,580,632",""
"2013","Norway","Nitrogen oxides","Total - all NACE activities","Tonne","201,958.91",""
"2013","Norway","Methane","Total - all NACE activities","Tonne","202,292.74",""
"2013","Norway","Nitrous oxide","Total - all NACE activities","Tonne","8,389.75",""
"2013","Norway","Carbon dioxide","Total - all NACE activities","Tonne","47,758,926",""
"2013","Switzerland","Nitrogen oxides","Total - all NACE activities","Tonne","65,533.82",""
"2013","Switzerland","Methane","Total - all NACE activities","Tonne","200,128.44",""
"2013","Switzerland","Nitrous oxide","Total - all NACE activities","Tonne","7,812.49",""
"2013","Switzerland","Carbon dioxide","Total - all NACE activities","Tonne","26,953,490",""
"2013","Serbia","Nitrogen oxides","Total - all NACE activities","Tonne","112,058.56",""
"2013","Serbia","Methane","Total - all NACE activities","Tonne","98,042.45",""
"2013","Serbia","Nitrous oxide","Total - all NACE activities","Tonne","2,665.3",""
"2013","Serbia","Carbon dioxide","Total - all NACE activities","Tonne","42,272,631",""
"2013","Turkey","Nitrogen oxides","Total - all NACE activities","Tonne","697,905.74",""
"2013","Turkey","Methane","Total - all NACE activities","Tonne","2,108,932.83",""
"2013","Turkey","Nitrous oxide","Total - all NACE activities","Tonne","74,819.02",""
"2013","Turkey","Carbon dioxide","Total - all NACE activities","Tonne","265,404,465",""
"2014","European Union (28 countries)","Nitrogen oxides","Total - all NACE activities","Tonne","8,953,850.95","s"
"2014","European Union (28 countries)","Methane","Total - all NACE activities","Tonne","17,244,718.37","s"
"2014","European Union (28 countries)","Nitrous oxide","Total - all NACE activities","Tonne","755,735.35","s"
"2014","European Union (28 countries)","Carbon dioxide","Total - all NACE activities","Tonne","2,909,630,991","s"
"2014","Belgium","Nitrogen oxides","Total - all NACE activities","Tonne","157,030.63",""
"2014","Belgium","Methane","Total - all NACE activities","Tonne","313,099.94",""
"2014","Belgium","Nitrous oxide","Total - all NACE activities","Tonne","20,782.35",""
"2014","Belgium","Carbon dioxide","Total - all NACE activities","Tonne","72,531,238",""
"2014","Bulgaria","Nitrogen oxides","Total - all NACE activities","Tonne","121,028.91",""
"2014","Bulgaria","Methane","Total - all NACE activities","Tonne","89,967.77",""
"2014","Bulgaria","Nitrous oxide","Total - all NACE activities","Tonne","6,726.08",""
"2014","Bulgaria","Carbon dioxide","Total - all NACE activities","Tonne","43,059,766",""
"2014","Czech Republic","Nitrogen oxides","Total - all NACE activities","Tonne","153,130.46",""
"2014","Czech Republic","Methane","Total - all NACE activities","Tonne","484,057.33",""
"2014","Czech Republic","Nitrous oxide","Total - all NACE activities","Tonne","19,964.93",""
"2014","Czech Republic","Carbon dioxide","Total - all NACE activities","Tonne","86,649,935",""
"2014","Denmark","Nitrogen oxides","Total - all NACE activities","Tonne","946,773.76",""
"2014","Denmark","Methane","Total - all NACE activities","Tonne","289,603.84",""
"2014","Denmark","Nitrous oxide","Total - all NACE activities","Tonne","17,693.46",""
"2014","Denmark","Carbon dioxide","Total - all NACE activities","Tonne","65,798,316",""
"2014","Germany (until 1990 former territory of the FRG)","Nitrogen oxides","Total - all NACE activities","Tonne","1,505,422.7",""
"2014","Germany (until 1990 former territory of the FRG)","Methane","Total - all NACE activities","Tonne","2,140,534.31",""
"2014","Germany (until 1990 former territory of the FRG)","Nitrous oxide","Total - all NACE activities","Tonne","126,438.26",""
"2014","Germany (until 1990 former territory of the FRG)","Carbon dioxide","Total - all NACE activities","Tonne","675,073,943",""
"2014","Estonia","Nitrogen oxides","Total - all NACE activities","Tonne","40,782.57",""
"2014","Estonia","Methane","Total - all NACE activities","Tonne","39,256.03",""
"2014","Estonia","Nitrous oxide","Total - all NACE activities","Tonne","2,673.41",""
"2014","Estonia","Carbon dioxide","Total - all NACE activities","Tonne","18,539,395",""
"2014","Ireland","Nitrogen oxides","Total - all NACE activities","Tonne","57,648.6",""
"2014","Ireland","Methane","Total - all NACE activities","Tonne","530,259.72",""
"2014","Ireland","Nitrous oxide","Total - all NACE activities","Tonne","23,130.1",""
"2014","Ireland","Carbon dioxide","Total - all NACE activities","Tonne","24,437,642",""
"2014","Greece","Nitrogen oxides","Total - all NACE activities","Tonne","230,169.77",""
"2014","Greece","Methane","Total - all NACE activities","Tonne","441,777.99",""
"2014","Greece","Nitrous oxide","Total - all NACE activities","Tonne","15,339.05",""
"2014","Greece","Carbon dioxide","Total - all NACE activities","Tonne","61,996,106",""
"2014","Spain","Nitrogen oxides","Total - all NACE activities","Tonne","670,593.11",""
"2014","Spain","Methane","Total - all NACE activities","Tonne","1,489,813.49",""
"2014","Spain","Nitrous oxide","Total - all NACE activities","Tonne","43,987.01",""
"2014","Spain","Carbon dioxide","Total - all NACE activities","Tonne","197,347,117",""
"2014","France","Nitrogen oxides","Total - all NACE activities","Tonne","761,335.62",""
"2014","France","Methane","Total - all NACE activities","Tonne","2,238,474.05",""
"2014","France","Nitrous oxide","Total - all NACE activities","Tonne","139,208.65",""
"2014","France","Carbon dioxide","Total - all NACE activities","Tonne","231,428,806",""
"2014","Croatia","Nitrogen oxides","Total - all NACE activities","Tonne","40,207.28",""
"2014","Croatia","Methane","Total - all NACE activities","Tonne","109,966.84",""
"2014","Croatia","Nitrous oxide","Total - all NACE activities","Tonne","5,140.69",""
"2014","Croatia","Carbon dioxide","Total - all NACE activities","Tonne","12,770,029",""
"2014","Italy","Nitrogen oxides","Total - all NACE activities","Tonne","771,196.41",""
"2014","Italy","Methane","Total - all NACE activities","Tonne","1,643,878.28",""
"2014","Italy","Nitrous oxide","Total - all NACE activities","Tonne","56,666.66",""
"2014","Italy","Carbon dioxide","Total - all NACE activities","Tonne","255,435,459",""
"2014","Cyprus","Nitrogen oxides","Total - all NACE activities","Tonne","15,270.93",""
"2014","Cyprus","Methane","Total - all NACE activities","Tonne","35,089.99",""
"2014","Cyprus","Nitrous oxide","Total - all NACE activities","Tonne","821.86",""
"2014","Cyprus","Carbon dioxide","Total - all NACE activities","Tonne","5,519,884",""
"2014","Latvia","Nitrogen oxides","Total - all NACE activities","Tonne","37,967.53",""
"2014","Latvia","Methane","Total - all NACE activities","Tonne","78,510.07",""
"2014","Latvia","Nitrous oxide","Total - all NACE activities","Tonne","6,378.46",""
"2014","Latvia","Carbon dioxide","Total - all NACE activities","Tonne","6,670,663",""
"2014","Lithuania","Nitrogen oxides","Total - all NACE activities","Tonne","63,553.64",""
"2014","Lithuania","Methane","Total - all NACE activities","Tonne","131,732.02",""
"2014","Lithuania","Nitrous oxide","Total - all NACE activities","Tonne","8,401.21",""
"2014","Lithuania","Carbon dioxide","Total - all NACE activities","Tonne","14,853,526",""
"2014","Luxembourg","Nitrogen oxides","Total - all NACE activities","Tonne","11,030.21",""
"2014","Luxembourg","Methane","Total - all NACE activities","Tonne","22,360.57",""
"2014","Luxembourg","Nitrous oxide","Total - all NACE activities","Tonne","870.35",""
"2014","Luxembourg","Carbon dioxide","Total - all NACE activities","Tonne","6,610,297",""
"2014","Hungary","Nitrogen oxides","Total - all NACE activities","Tonne","117,820.6",""
"2014","Hungary","Methane","Total - all NACE activities","Tonne","295,109.86",""
"2014","Hungary","Nitrous oxide","Total - all NACE activities","Tonne","14,892.62",""
"2014","Hungary","Carbon dioxide","Total - all NACE activities","Tonne","33,550,434",""
"2014","Malta","Nitrogen oxides","Total - all NACE activities","Tonne","5,368.28","s"
"2014","Malta","Methane","Total - all NACE activities","Tonne","8,217.06","s"
"2014","Malta","Nitrous oxide","Total - all NACE activities","Tonne","241.98","s"
"2014","Malta","Carbon dioxide","Total - all NACE activities","Tonne","5,227,604","s"
"2014","Netherlands","Nitrogen oxides","Total - all NACE activities","Tonne","440,759.39",""
"2014","Netherlands","Methane","Total - all NACE activities","Tonne","731,592.42",""
"2014","Netherlands","Nitrous oxide","Total - all NACE activities","Tonne","26,226.86",""
"2014","Netherlands","Carbon dioxide","Total - all NACE activities","Tonne","160,576,274",""
"2014","Austria","Nitrogen oxides","Total - all NACE activities","Tonne","108,605.61",""
"2014","Austria","Methane","Total - all NACE activities","Tonne","257,280.25",""
"2014","Austria","Nitrous oxide","Total - all NACE activities","Tonne","10,553.78",""
"2014","Austria","Carbon dioxide","Total - all NACE activities","Tonne","48,863,018",""
"2014","Poland","Nitrogen oxides","Total - all NACE activities","Tonne","637,153.33",""
"2014","Poland","Methane","Total - all NACE activities","Tonne","1,540,049.94",""
"2014","Poland","Nitrous oxide","Total - all NACE activities","Tonne","65,111.24",""
"2014","Poland","Carbon dioxide","Total - all NACE activities","Tonne","281,953,375",""
"2014","Portugal","Nitrogen oxides","Total - all NACE activities","Tonne","161,238.2",""
"2014","Portugal","Methane","Total - all NACE activities","Tonne","510,064.2",""
"2014","Portugal","Nitrous oxide","Total - all NACE activities","Tonne","11,020.6",""
"2014","Portugal","Carbon dioxide","Total - all NACE activities","Tonne","41,093,800",""
"2014","Romania","Nitrogen oxides","Total - all NACE activities","Tonne","190,117.38",""
"2014","Romania","Methane","Total - all NACE activities","Tonne","1,102,691.93",""
"2014","Romania","Nitrous oxide","Total - all NACE activities","Tonne","20,597.87",""
"2014","Romania","Carbon dioxide","Total - all NACE activities","Tonne","63,441,412",""
"2014","Slovenia","Nitrogen oxides","Total - all NACE activities","Tonne","40,483.09",""
"2014","Slovenia","Methane","Total - all NACE activities","Tonne","73,391.19",""
"2014","Slovenia","Nitrous oxide","Total - all NACE activities","Tonne","2,418.83",""
"2014","Slovenia","Carbon dioxide","Total - all NACE activities","Tonne","11,454,313",""
"2014","Slovakia","Nitrogen oxides","Total - all NACE activities","Tonne","72,079.18",""
"2014","Slovakia","Methane","Total - all NACE activities","Tonne","167,408.54",""
"2014","Slovakia","Nitrous oxide","Total - all NACE activities","Tonne","7,695.51",""
"2014","Slovakia","Carbon dioxide","Total - all NACE activities","Tonne","29,062,824",""
"2014","Finland","Nitrogen oxides","Total - all NACE activities","Tonne","173,113.3",""
"2014","Finland","Methane","Total - all NACE activities","Tonne","194,477.66",""
"2014","Finland","Nitrous oxide","Total - all NACE activities","Tonne","15,429.4",""
"2014","Finland","Carbon dioxide","Total - all NACE activities","Tonne","46,654,334",""
"2014","Sweden","Nitrogen oxides","Total - all NACE activities","Tonne","240,463.92",""
"2014","Sweden","Methane","Total - all NACE activities","Tonne","196,043.52",""
"2014","Sweden","Nitrous oxide","Total - all NACE activities","Tonne","16,456.91",""
"2014","Sweden","Carbon dioxide","Total - all NACE activities","Tonne","42,141,333",""
"2014","United Kingdom","Nitrogen oxides","Total - all NACE activities","Tonne","1,183,506.53",""
"2014","United Kingdom","Methane","Total - all NACE activities","Tonne","2,090,009.59",""
"2014","United Kingdom","Nitrous oxide","Total - all NACE activities","Tonne","70,867.2",""
"2014","United Kingdom","Carbon dioxide","Total - all NACE activities","Tonne","366,890,145",""
"2014","Norway","Nitrogen oxides","Total - all NACE activities","Tonne","177,820.28",""
"2014","Norway","Methane","Total - all NACE activities","Tonne","204,341.32",""
"2014","Norway","Nitrous oxide","Total - all NACE activities","Tonne","8,381.55",""
"2014","Norway","Carbon dioxide","Total - all NACE activities","Tonne","47,360,882",""
"2014","Switzerland","Nitrogen oxides","Total - all NACE activities","Tonne","63,519.42",""
"2014","Switzerland","Methane","Total - all NACE activities","Tonne","200,763.66",""
"2014","Switzerland","Nitrous oxide","Total - all NACE activities","Tonne","7,935.06",""
"2014","Switzerland","Carbon dioxide","Total - all NACE activities","Tonne","25,444,117",""
"2014","Serbia","Nitrogen oxides","Total - all NACE activities","Tonne","90,409.88",""
"2014","Serbia","Methane","Total - all NACE activities","Tonne",":",""
"2014","Serbia","Nitrous oxide","Total - all NACE activities","Tonne",":",""
"2014","Serbia","Carbon dioxide","Total - all NACE activities","Tonne",":",""
"2014","Turkey","Nitrogen oxides","Total - all NACE activities","Tonne","708,253.63",""
"2014","Turkey","Methane","Total - all NACE activities","Tonne","2,172,183.59",""
"2014","Turkey","Nitrous oxide","Total - all NACE activities","Tonne","75,181.56",""
"2014","Turkey","Carbon dioxide","Total - all NACE activities","Tonne","294,288,856",""
